demo,snr,mode,seed,metric,value
RNN,10.0,even,42,fc_corr,0.83315626614972
RNN,10.0,uneven,42,fc_corr,0.8393730488334908
RNN,5.0,even,42,fc_corr,0.8431349521922624
RNN,2.0,uneven,42,fc_corr,0.8257393563511357
RNN,2.0,even,42,fc_corr,0.8306135447958476
RNN,5.0,uneven,42,fc_corr,0.8123281438307635
RNN,baseline,none,42,fc_corr,0.9100382860076035


